{
  "feature_set_name": "AU_Only",
  "num_features": 8,
  "features": [
    "au_shape_dim1",
    "au_shape_dim2",
    "au_shape_dim3",
    "au_shape_dim4",
    "au_shape_dim5",
    "au_shape_dim6",
    "au_shape_dim7",
    "au_shape_dim8"
  ],
  "train_accuracy": 0.9387354010888472,
  "val_accuracy": 0.7710309930423782,
  "test_accuracy": 0.7529448968297889,
  "cv_score": 0.7545124154754763,
  "class_metrics": {
    "angry": {
      "precision": 0.7740355174525413,
      "recall": 0.7222857142857143,
      "f1": 0.7472657404670411,
      "support": 1750
    },
    "disgust": {
      "precision": 0.7636255924170616,
      "recall": 0.7298980747451869,
      "f1": 0.7463810075275044,
      "support": 1766
    },
    "fear": {
      "precision": 0.7267002518891688,
      "recall": 0.6347634763476347,
      "f1": 0.6776277157956547,
      "support": 1818
    },
    "happy": {
      "precision": 0.880127863612147,
      "recall": 0.9142224681793027,
      "f1": 0.8968512486427795,
      "support": 1807
    },
    "neutral": {
      "precision": 0.6941331575477917,
      "recall": 0.5919055649241147,
      "f1": 0.6389563106796117,
      "support": 1779
    },
    "sad": {
      "precision": 0.6492445896284198,
      "recall": 0.8294209702660407,
      "f1": 0.728355474118186,
      "support": 1917
    },
    "surprise": {
      "precision": 0.8023194517659462,
      "recall": 0.8399558498896247,
      "f1": 0.8207063898624967,
      "support": 1812
    }
  },
  "training_time_seconds": 8.578714847564697,
  "confusion_matrix": [
    [
      1264,
      177,
      66,
      31,
      61,
      46,
      105
    ],
    [
      158,
      1289,
      63,
      31,
      46,
      109,
      70
    ],
    [
      85,
      79,
      1154,
      58,
      114,
      199,
      129
    ],
    [
      10,
      9,
      31,
      1652,
      77,
      16,
      12
    ],
    [
      29,
      16,
      105,
      74,
      1053,
      455,
      47
    ],
    [
      32,
      75,
      109,
      5,
      94,
      1590,
      12
    ],
    [
      55,
      43,
      60,
      26,
      72,
      34,
      1522
    ]
  ]
}