{
  "feature_set_name": "Original_Best",
  "num_features": 10,
  "features": [
    "gaze_yaw",
    "gaze_pitch",
    "au_shape_dim1",
    "au_shape_dim2",
    "au_shape_dim3",
    "au_shape_dim4",
    "au_shape_dim5",
    "au_shape_dim6",
    "au_shape_dim7",
    "au_shape_dim8"
  ],
  "train_accuracy": 0.9761221677547609,
  "val_accuracy": 0.829696394686907,
  "test_accuracy": 0.8187999051308403,
  "cv_score": 0.8138794414367228,
  "class_metrics": {
    "angry": {
      "precision": 0.8119810201660735,
      "recall": 0.7822857142857143,
      "f1": 0.7968568102444703,
      "support": 1750
    },
    "disgust": {
      "precision": 0.8107784431137725,
      "recall": 0.766704416761042,
      "f1": 0.7881257275902211,
      "support": 1766
    },
    "fear": {
      "precision": 0.8130328867235079,
      "recall": 0.7343234323432343,
      "f1": 0.7716763005780347,
      "support": 1818
    },
    "happy": {
      "precision": 0.9128316188413643,
      "recall": 0.9330381848367459,
      "f1": 0.922824302134647,
      "support": 1807
    },
    "neutral": {
      "precision": 0.7510482180293501,
      "recall": 0.8055087127599775,
      "f1": 0.7773257390832655,
      "support": 1779
    },
    "sad": {
      "precision": 0.7890855457227138,
      "recall": 0.837245696400626,
      "f1": 0.812452543659833,
      "support": 1917
    },
    "surprise": {
      "precision": 0.8458646616541353,
      "recall": 0.8692052980132451,
      "f1": 0.8573761567773543,
      "support": 1812
    }
  },
  "training_time_seconds": 11.249758243560791,
  "confusion_matrix": [
    [
      1369,
      130,
      57,
      23,
      49,
      46,
      76
    ],
    [
      142,
      1354,
      46,
      27,
      45,
      97,
      55
    ],
    [
      66,
      56,
      1335,
      32,
      104,
      125,
      100
    ],
    [
      5,
      9,
      20,
      1686,
      66,
      10,
      11
    ],
    [
      26,
      21,
      90,
      49,
      1433,
      123,
      37
    ],
    [
      34,
      68,
      46,
      5,
      151,
      1605,
      8
    ],
    [
      44,
      32,
      48,
      25,
      60,
      28,
      1575
    ]
  ]
}