{
  "feature_set_name": "Gaze_Only",
  "num_features": 2,
  "features": [
    "gaze_yaw",
    "gaze_pitch"
  ],
  "train_accuracy": 0.9701357670499469,
  "val_accuracy": 0.27751423149905124,
  "test_accuracy": 0.26982370147837775,
  "cv_score": 0.25601458563115015,
  "class_metrics": {
    "angry": {
      "precision": 0.20656370656370657,
      "recall": 0.18342857142857144,
      "f1": 0.19430992736077482,
      "support": 1750
    },
    "disgust": {
      "precision": 0.3125854993160055,
      "recall": 0.2587768969422424,
      "f1": 0.28314745972738536,
      "support": 1766
    },
    "fear": {
      "precision": 0.2833607907742998,
      "recall": 0.2838283828382838,
      "f1": 0.28359439406430337,
      "support": 1818
    },
    "happy": {
      "precision": 0.2459016393442623,
      "recall": 0.23242944106253458,
      "f1": 0.23897581792318634,
      "support": 1807
    },
    "neutral": {
      "precision": 0.260989010989011,
      "recall": 0.26700393479482853,
      "f1": 0.2639622117254793,
      "support": 1779
    },
    "sad": {
      "precision": 0.3047016274864376,
      "recall": 0.35159102764736566,
      "f1": 0.3264713005570356,
      "support": 1917
    },
    "surprise": {
      "precision": 0.26544401544401547,
      "recall": 0.30353200883002207,
      "f1": 0.28321318228630277,
      "support": 1812
    }
  },
  "training_time_seconds": 9.27810788154602,
  "confusion_matrix": [
    [
      321,
      223,
      184,
      266,
      201,
      316,
      239
    ],
    [
      217,
      457,
      165,
      190,
      216,
      276,
      245
    ],
    [
      161,
      132,
      516,
      208,
      264,
      186,
      351
    ],
    [
      221,
      178,
      236,
      420,
      209,
      314,
      229
    ],
    [
      169,
      150,
      238,
      195,
      475,
      250,
      302
    ],
    [
      285,
      154,
      174,
      269,
      205,
      674,
      156
    ],
    [
      180,
      168,
      308,
      160,
      250,
      196,
      550
    ]
  ]
}