{
  "feature_set_name": "AU_Gaze_Pose",
  "num_features": 13,
  "features": [
    "au_shape_dim1",
    "au_shape_dim2",
    "au_shape_dim3",
    "au_shape_dim4",
    "au_shape_dim5",
    "au_shape_dim6",
    "au_shape_dim7",
    "au_shape_dim8",
    "gaze_yaw",
    "gaze_pitch",
    "mp_pose_yaw_deg",
    "mp_pose_pitch_deg",
    "mp_pose_roll_deg"
  ],
  "train_accuracy": 0.9982464996413295,
  "val_accuracy": 0.948112330295704,
  "test_accuracy": 0.9461645746164574,
  "cv_score": 0.9370067615853133,
  "class_metrics": {
    "angry": {
      "precision": 0.9580882352941177,
      "recall": 0.9150280898876404,
      "f1": 0.9360632183908046,
      "support": 1424
    },
    "disgust": {
      "precision": 0.9229357798165138,
      "recall": 0.9502518891687658,
      "f1": 0.9363946633571207,
      "support": 1588
    },
    "fear": {
      "precision": 0.9428172942817294,
      "recall": 0.9128966914247131,
      "f1": 0.9276157804459692,
      "support": 1481
    },
    "happy": {
      "precision": 0.9710648148148148,
      "recall": 0.9733178654292344,
      "f1": 0.9721900347624566,
      "support": 1724
    },
    "neutral": {
      "precision": 0.9253314724354501,
      "recall": 0.9650655021834061,
      "f1": 0.9447809048806555,
      "support": 1374
    },
    "sad": {
      "precision": 0.943125,
      "recall": 0.9514501891551072,
      "f1": 0.9472693032015066,
      "support": 1586
    },
    "surprise": {
      "precision": 0.9578274760383386,
      "recall": 0.949936628643853,
      "f1": 0.9538657333757556,
      "support": 1578
    }
  },
  "training_time_seconds": 10.267131805419922,
  "confusion_matrix": [
    [
      1303,
      58,
      9,
      16,
      7,
      15,
      16
    ],
    [
      27,
      1509,
      11,
      3,
      7,
      8,
      23
    ],
    [
      15,
      16,
      1352,
      16,
      26,
      35,
      21
    ],
    [
      6,
      4,
      9,
      1678,
      22,
      2,
      3
    ],
    [
      1,
      4,
      13,
      6,
      1326,
      22,
      2
    ],
    [
      2,
      24,
      18,
      3,
      29,
      1509,
      1
    ],
    [
      6,
      20,
      22,
      6,
      16,
      9,
      1499
    ]
  ]
}