{
  "feature_set_name": "AU_Gaze",
  "num_features": 10,
  "features": [
    "au_shape_dim1",
    "au_shape_dim2",
    "au_shape_dim3",
    "au_shape_dim4",
    "au_shape_dim5",
    "au_shape_dim6",
    "au_shape_dim7",
    "au_shape_dim8",
    "gaze_yaw",
    "gaze_pitch"
  ],
  "train_accuracy": 0.9765739715815392,
  "val_accuracy": 0.8287476280834914,
  "test_accuracy": 0.8198276543600285,
  "cv_score": 0.8144441941794591,
  "class_metrics": {
    "angry": {
      "precision": 0.8156956004756243,
      "recall": 0.784,
      "f1": 0.7995337995337995,
      "support": 1750
    },
    "disgust": {
      "precision": 0.8149700598802395,
      "recall": 0.7706681766704416,
      "f1": 0.7922002328288708,
      "support": 1766
    },
    "fear": {
      "precision": 0.815043156596794,
      "recall": 0.7271727172717272,
      "f1": 0.7686046511627908,
      "support": 1818
    },
    "happy": {
      "precision": 0.9120998372219208,
      "recall": 0.9302711676812396,
      "f1": 0.9210958904109589,
      "support": 1807
    },
    "neutral": {
      "precision": 0.7471443406022845,
      "recall": 0.8088813940415964,
      "f1": 0.7767881241565452,
      "support": 1779
    },
    "sad": {
      "precision": 0.7907888290053895,
      "recall": 0.8419405320813772,
      "f1": 0.8155634158665993,
      "support": 1917
    },
    "surprise": {
      "precision": 0.8477211796246649,
      "recall": 0.8725165562913907,
      "f1": 0.8599401686157193,
      "support": 1812
    }
  },
  "training_time_seconds": 12.271486282348633,
  "confusion_matrix": [
    [
      1372,
      134,
      52,
      27,
      47,
      49,
      69
    ],
    [
      138,
      1361,
      45,
      23,
      45,
      97,
      57
    ],
    [
      66,
      54,
      1322,
      32,
      113,
      124,
      107
    ],
    [
      6,
      10,
      22,
      1681,
      67,
      11,
      10
    ],
    [
      25,
      18,
      91,
      48,
      1439,
      124,
      34
    ],
    [
      32,
      61,
      41,
      7,
      155,
      1614,
      7
    ],
    [
      43,
      32,
      49,
      25,
      60,
      22,
      1581
    ]
  ]
}