{
  "feature_set_name": "Key_Blendshapes",
  "num_features": 20,
  "features": [
    "bs_eyeBlinkLeft",
    "bs_eyeBlinkRight",
    "bs_eyeSquintLeft",
    "bs_eyeSquintRight",
    "bs_eyeWideLeft",
    "bs_eyeWideRight",
    "bs_jawOpen",
    "bs_mouthSmileLeft",
    "bs_mouthSmileRight",
    "bs_mouthFrownLeft",
    "bs_mouthFrownRight",
    "bs_mouthPucker",
    "bs_mouthFunnel",
    "bs_mouthStretchLeft",
    "bs_mouthStretchRight",
    "bs_browDownLeft",
    "bs_browDownRight",
    "bs_browInnerUp",
    "bs_browOuterUpLeft",
    "bs_browOuterUpRight"
  ],
  "train_accuracy": 0.9989107043226441,
  "val_accuracy": 0.9488562395387763,
  "test_accuracy": 0.9515574151557415,
  "cv_score": 0.9424000584308129,
  "class_metrics": {
    "angry": {
      "precision": 0.9630450849963045,
      "recall": 0.9150280898876404,
      "f1": 0.9384227583723442,
      "support": 1424
    },
    "disgust": {
      "precision": 0.9252450980392157,
      "recall": 0.9508816120906801,
      "f1": 0.937888198757764,
      "support": 1588
    },
    "fear": {
      "precision": 0.952054794520548,
      "recall": 0.9385550303848751,
      "f1": 0.9452567154029242,
      "support": 1481
    },
    "happy": {
      "precision": 0.9732090856144437,
      "recall": 0.9692575406032483,
      "f1": 0.9712292938099389,
      "support": 1724
    },
    "neutral": {
      "precision": 0.9408033826638478,
      "recall": 0.9716157205240175,
      "f1": 0.9559613319011815,
      "support": 1374
    },
    "sad": {
      "precision": 0.9420378279438683,
      "recall": 0.9735182849936949,
      "f1": 0.9575193798449613,
      "support": 1586
    },
    "surprise": {
      "precision": 0.9648208469055375,
      "recall": 0.9385297845373891,
      "f1": 0.9514937359460328,
      "support": 1578
    }
  },
  "training_time_seconds": 17.0226149559021,
  "confusion_matrix": [
    [
      1303,
      34,
      21,
      18,
      20,
      17,
      11
    ],
    [
      19,
      1510,
      7,
      6,
      15,
      16,
      15
    ],
    [
      7,
      16,
      1390,
      16,
      10,
      27,
      15
    ],
    [
      7,
      10,
      12,
      1671,
      13,
      3,
      8
    ],
    [
      5,
      3,
      5,
      0,
      1335,
      21,
      5
    ],
    [
      4,
      23,
      7,
      1,
      7,
      1544,
      0
    ],
    [
      8,
      36,
      18,
      5,
      19,
      11,
      1481
    ]
  ]
}