{
  "feature_set_name": "Gaze_Pose_KeyBlendshapes",
  "num_features": 25,
  "features": [
    "gaze_yaw",
    "gaze_pitch",
    "mp_pose_yaw_deg",
    "mp_pose_pitch_deg",
    "mp_pose_roll_deg",
    "bs_eyeBlinkLeft",
    "bs_eyeBlinkRight",
    "bs_eyeSquintLeft",
    "bs_eyeSquintRight",
    "bs_eyeWideLeft",
    "bs_eyeWideRight",
    "bs_jawOpen",
    "bs_mouthSmileLeft",
    "bs_mouthSmileRight",
    "bs_mouthFrownLeft",
    "bs_mouthFrownRight",
    "bs_mouthPucker",
    "bs_mouthFunnel",
    "bs_mouthStretchLeft",
    "bs_mouthStretchRight",
    "bs_browDownLeft",
    "bs_browDownRight",
    "bs_browInnerUp",
    "bs_browOuterUpLeft",
    "bs_browOuterUpRight"
  ],
  "train_accuracy": 0.9993357953186854,
  "val_accuracy": 0.9750790403570765,
  "test_accuracy": 0.9759181775918178,
  "cv_score": 0.9670819291280504,
  "class_metrics": {
    "angry": {
      "precision": 0.986100950987564,
      "recall": 0.9466292134831461,
      "f1": 0.9659620207810821,
      "support": 1424
    },
    "disgust": {
      "precision": 0.9645522388059702,
      "recall": 0.9767002518891688,
      "f1": 0.9705882352941176,
      "support": 1588
    },
    "fear": {
      "precision": 0.9782608695652174,
      "recall": 0.9723160027008778,
      "f1": 0.9752793769048426,
      "support": 1481
    },
    "happy": {
      "precision": 0.9854904236796286,
      "recall": 0.9849187935034803,
      "f1": 0.9852045256744996,
      "support": 1724
    },
    "neutral": {
      "precision": 0.9685714285714285,
      "recall": 0.9868995633187773,
      "f1": 0.9776496034607065,
      "support": 1374
    },
    "sad": {
      "precision": 0.9696782178217822,
      "recall": 0.9880201765447667,
      "f1": 0.9787632729544035,
      "support": 1586
    },
    "surprise": {
      "precision": 0.9789674952198852,
      "recall": 0.973384030418251,
      "f1": 0.9761677788369876,
      "support": 1578
    }
  },
  "training_time_seconds": 19.311414003372192,
  "confusion_matrix": [
    [
      1348,
      21,
      13,
      13,
      8,
      13,
      8
    ],
    [
      9,
      1551,
      4,
      1,
      6,
      9,
      8
    ],
    [
      2,
      3,
      1440,
      8,
      9,
      11,
      8
    ],
    [
      3,
      5,
      4,
      1698,
      8,
      1,
      5
    ],
    [
      2,
      2,
      2,
      0,
      1356,
      8,
      4
    ],
    [
      2,
      9,
      3,
      1,
      4,
      1567,
      0
    ],
    [
      1,
      17,
      6,
      2,
      9,
      7,
      1536
    ]
  ]
}