{
  "feature_set_name": "Pose_Only",
  "num_features": 3,
  "features": [
    "mp_pose_yaw_deg",
    "mp_pose_pitch_deg",
    "mp_pose_roll_deg"
  ],
  "train_accuracy": 0.9916310210154361,
  "val_accuracy": 0.6866282313557746,
  "test_accuracy": 0.6780102278010228,
  "cv_score": 0.6605646260151633,
  "class_metrics": {
    "angry": {
      "precision": 0.7225042301184433,
      "recall": 0.5997191011235955,
      "f1": 0.6554105909439755,
      "support": 1424
    },
    "disgust": {
      "precision": 0.6705054382597568,
      "recall": 0.6599496221662469,
      "f1": 0.6651856553475087,
      "support": 1588
    },
    "fear": {
      "precision": 0.6006711409395973,
      "recall": 0.6043214044564483,
      "f1": 0.6024907438572871,
      "support": 1481
    },
    "happy": {
      "precision": 0.7348342714196373,
      "recall": 0.681554524361949,
      "f1": 0.7071922961179657,
      "support": 1724
    },
    "neutral": {
      "precision": 0.65125,
      "recall": 0.7583697234352256,
      "f1": 0.7007397444519166,
      "support": 1374
    },
    "sad": {
      "precision": 0.7027903958468527,
      "recall": 0.6828499369482977,
      "f1": 0.692676686920371,
      "support": 1586
    },
    "surprise": {
      "precision": 0.6713483146067416,
      "recall": 0.7572877059569075,
      "f1": 0.711733174508636,
      "support": 1578
    }
  },
  "training_time_seconds": 7.401283264160156,
  "confusion_matrix": [
    [
      854,
      89,
      120,
      86,
      104,
      74,
      97
    ],
    [
      51,
      1048,
      117,
      61,
      81,
      59,
      171
    ],
    [
      65,
      115,
      895,
      74,
      118,
      92,
      122
    ],
    [
      67,
      80,
      95,
      1175,
      126,
      110,
      71
    ],
    [
      42,
      55,
      58,
      51,
      1042,
      80,
      46
    ],
    [
      62,
      55,
      102,
      110,
      96,
      1083,
      78
    ],
    [
      41,
      121,
      103,
      42,
      33,
      43,
      1195
    ]
  ]
}