{
  "feature_set_name": "Eye_Features",
  "num_features": 6,
  "features": [
    "bs_eyeBlinkLeft",
    "bs_eyeBlinkRight",
    "bs_eyeSquintLeft",
    "bs_eyeSquintRight",
    "bs_eyeWideLeft",
    "bs_eyeWideRight"
  ],
  "train_accuracy": 0.9922952256967507,
  "val_accuracy": 0.7165705783894365,
  "test_accuracy": 0.7112040911204092,
  "cv_score": 0.6890192795382681,
  "class_metrics": {
    "angry": {
      "precision": 0.714527027027027,
      "recall": 0.5941011235955056,
      "f1": 0.6487730061349694,
      "support": 1424
    },
    "disgust": {
      "precision": 0.629936305732484,
      "recall": 0.6227959697732998,
      "f1": 0.6263457884737176,
      "support": 1588
    },
    "fear": {
      "precision": 0.7004249291784702,
      "recall": 0.6677920324105334,
      "f1": 0.6837193225025925,
      "support": 1481
    },
    "happy": {
      "precision": 0.8006993006993007,
      "recall": 0.796983758700696,
      "f1": 0.7988372093023256,
      "support": 1724
    },
    "neutral": {
      "precision": 0.7182705718270572,
      "recall": 0.7496360989810772,
      "f1": 0.7336182336182336,
      "support": 1374
    },
    "sad": {
      "precision": 0.6396489416623645,
      "recall": 0.7812105926860026,
      "f1": 0.7033778030087994,
      "support": 1586
    },
    "surprise": {
      "precision": 0.7869507323568575,
      "recall": 0.7490494296577946,
      "f1": 0.7675324675324675,
      "support": 1578
    }
  },
  "training_time_seconds": 10.420551776885986,
  "confusion_matrix": [
    [
      846,
      123,
      98,
      97,
      68,
      150,
      42
    ],
    [
      94,
      989,
      72,
      53,
      115,
      210,
      55
    ],
    [
      69,
      87,
      989,
      61,
      64,
      95,
      116
    ],
    [
      59,
      68,
      42,
      1374,
      35,
      81,
      65
    ],
    [
      28,
      110,
      50,
      26,
      1030,
      104,
      26
    ],
    [
      60,
      96,
      61,
      35,
      79,
      1239,
      16
    ],
    [
      28,
      97,
      100,
      70,
      43,
      58,
      1182
    ]
  ]
}